Store Number,Store Abbreviation,Store Name,Region,Address Line 1,Town,PostCode,Manager's Name,Phone Number,TradePoint Manager,TradePoint Phone Number,Till Range
120,CHC,Christchurch CHC186,SC,Stony Lane,Christchurch,BH23 7LQ,Alan Barr,01202 476748,Alan Barr,01202 476748,01-Jun
186,CHC,Christchurch CHC186,SC,Stony Lane,Christchurch,BH23 7LQ,Alan Barr,01202 476748,Alan Barr,01202 476748,01-Jun
182,ESH,Eastleigh ESH182,WH,Shakespeare Road,Eastleigh,SO50 4SF,John Green,023 80620212,Melvin Scaife,02380 624 222,"1-2,6-7,9-10,12-13,60-61,91-94"
722,LIF,Liffey Valley LIF722,IE,Liffey Valley Retail Park East,Dublin,EIRE,Aidan Turley ,01 6299 499,Aidan Turley ,01 6299 499,"1-5,12-13,17-18,20-23,91-98"
255,JSY,Jersey JSY255,JS,JEC Retail Park,Jersey,JE1 1BQ,Neville Oomrigar,01534 763599,Neville Oomrigar,01534 763599,"1,2,6-13,91-94"
897,MKN,Milton Keynes MKN897,WH,Patriot Drive,Rooksley,MK13 8PU,Martyn Buzzard,1908698400,Bex Streek,01908 303922,"2-9,22,23-26,60,61,63,91-94"
111,FAE,Fareham FAE111,WH,150-158 Southampton Road,Fareham,PO14 4PH,Sally Thompson,01489 582855,Sally Thompson,01489 582855,"1-4,6,8-9,91-94"
464,BRS,Bognor Regis BRS464,WH,Shripney Road,Bognor Regis,PO22 9NF,David Martindale,01243 867111,Sian Pitt,01243 867111,"1-9,10,60-62,91-94"
693,NSL,Nursling NSL693,WH,Franconia Drive,Nursling,SO16 0YW,Darren Naylor,023 8074 7100,Steve Robinson,02380 747122,"1-3,7-13,16-17,60-62,91-94"
174,WTG,Worthing WTG174,WH,Lyons Way,Worthing,BN14 9LA,Colin Neave,01903 821104,Colin Neave,01903 821104,"1-4,8-10,91-94"
686,HAV,Havant HAV686,WH,Purbrook Way,Havant,PO9 3QJ,Steve Duff,023 924 89700,Steve Brown,02392 489722,"2-7,11-15,21-24,41,60-63,91-94"
460,BGN,Brighton BGN460,WH,Lewes Road,Brighton,BN2 3QA,Tom Poore ,01273 679926,Tom Poore ,01273 679926,"1-3,7-9,11,91-94"
154,BAI,Basingstoke BAI154,SC,Lister Road,Basingstoke,RG22 4LA,David Burnett,01256 460876,Paul Griffin,1256312422,"1-6,60-61"
222,HEN,Hedge End HEN222,WH,Charles Watts Way,Hedge End,SO30 4HW,Linda Brady,01489 779100,Ian Webb,01489 779122,"1-8,10-12,18-20,60-62,91-98"
188,NBY,Newbury NBY188,SC,London Road,Berks,RG14 2BP,Sharon Stevens,01635 528515, Sharon Stevens,01635 528515,"3-4,8-10,91-94"
462,SRM,Shoreham SRM462,SC,43/61 Brighton Road,Shoreham-by-Sea,BN43 6RJ,Johan Van Niekerk,01273 463423,Johan Van Niekerk,01273 463423,01-Jun
707,SLG,Stirling SLG707,WH,Units 1-3 Springkerse Retail Park,Stirling,FK7 7TL,Derek Clubb,01786 449559,Derek Clubb,01786 449559,"1,2,6,8,10,91-94"
374,CHY,Chorley CHY374,SC,Highfield Industrial Estate,Chorley,PR7 1QD,Mark Robson,01257 260361,Mark Robson,01257 260361,02-Jun
433,EDG,Edge Lane EDG433,WH,Edge Lane Retail Park,Liverpool,L13 1EW,Damian Jones,0151 254 2044,Damian Jones,0151 254 2044,01-Jul
357,LLO,Llandudno LLO357,WH,Mostyn Broadway,Llandudno,LL30 1PJ,Darren Crofts,01492 878181,Darren Crofts,01492 878181,01-Jul
779,SEK,Speke SEK779,WH,New Mersey Retail Park,Speke,L24 8QB,Dave Gee,0151 427 4488,Toni Watson,0151 728 5922,"1,3-8,14-16,26-27,60-62,91-94"
503,RDE,Rochdale RDE503,WH,Sandbrook Park,Rochdale,OL11 1SA,Neil Howarth,01706 869688,Neil Howarth,01706 863522,"4,7-12,17,23,60-61,91-94"
530,HLW,St Andrews Quay Hull HLW530,WH,St.Andrews Quay Retail Park,Hull,HU3 4SE,Robert Duncan,01482 620664,Robert Duncan,01482 594622,"2-3,7-17,19-20,25-29,60-62,91-94"
406,FAL,Falkirk FAL406,SC,Middlefield Road,Falkirk,FK2 9HR,Cathy Stack,01324 636152,Cathy Stack,01324 636152,01-May
379,PRS,Preston PRS379,WH,Brookfield Street,Preston,PR1 1NR,Paul Ainsworth,01772 258232,Paul Ainsworth,01772 258232,01-May
390,LEI,Leigh LEI390,WH,Kirkhall Lane,Leigh,WN7 1RD,Anthony Kirkwood,01942 608521,Anthony Kirkwood,01942 608521,01-Jul
399,BNG,Bangor BNG399,WH,Caernarfon Road,Bangor,LL57 4SU,Mark Dibb,01248 370258,Mark Dibb,01248 370258,"1-8,10"
682,HLL,Hull HLL682,WH,Ferry Lane,Hull,HU7 0DJ,Oliver Waterland,01482 371600,Oliver Waterland,01482 371622,"3-6,10,11,15,18-19,60-62,91-94"
640,WGA,Wigan WGA640,WH,Frith Street,Wigan,WN5 0NX,Warren Taylor,01942 821567,Wendy Walsh ,01942 614822,"2-5,9-12,17,18,60-62,91-94"
675,ALY,Ashton ALY675,WH,Snipe Retail Park,Ashton-Under-Lyne,OL7 0DN,Alan Sneddon,0161 371 0082,Paul Swindell,0161 371 2722,"1-4,6-11,15,16,21,60-62,91-94"
319,WAR,Milner Street WAR319,SC,Milner Street,Warrington,WA5 1AD,Sam Leese,01925 571747,Sam Leese,01925 571747,05-Sep
414,NSN,Nelson NSN414,WH,Churchill Way,Nelson,BB9 6RT,Sam Mason,01282 698008,Sam Mason ,01282 698008,"1,2,6-8,10-11,91-94"
402,POW,Powderhall POW402,SC,13 Warriston Road,Edinburgh,EH7 4HL,Andrew Stones,0131 557 1300,Billy Thomson,0131 557 1300,01-May
662,RYL,Rhyl RYL662,WH,Unit 1 Clwyd Retail Park,Rhyl,LL18 2TJ,Cliff Holliday,01745 342422,Cliff Holliday,01745 342422,"1,2,6-9,91-94"
890,GHW,Glasshoughton GHW890,WH,Aspen Way,Castleford,WF10 4TA,Steve Crozier,01977 667800 ,Steve Crozier,01977 664422,"2-5,9-12,19-20,24,60-62,91-94"
236,SHE,St Helens SHE236,WH,Unit 1 Milverny Way,St Helens,WA9 1JF,Emma Carrigan,01744 454220,Ian Slight,01744 455822,"3-8,12-15,17,25-26,60-62,91-94"
747,STP,Stockport STP747,WH,Georges Road,Stockport,SK4 1DR,Trevor Shaw ,1614294000,Neil Davies ,01614 294 022,"4,10-18,20,24-26,60-63,91-98"
362,FRE,Queensferry FRE362,WH,Deeside Retail Park,Shotton,CH5 1SA,Paul Telfer,01244 836888,Paul Telfer,01244 836888,"1-3,7-10,91-94"
497,GSL,Galashiels GSL497,SC,Wilder Haugh,Galashiels,TD1 1PD,Grant MacGregor,01896 754044,Grant MacGregor,01896 754044,01-May
695,WSD,Widnes WA8 OGU,WH,Widnes Trade Park,Widnes,WA8 0GU,Ian Glorman,0151 495 2010,Ian Glorman,0151 495 2010,"1,5-9,12,91-94"
733,WTN,Warrington WTN733,WH,Delph Lane,Winwick,WA2 8RD,Richard Cooper,01925 245522,Lee Taylor,01925 248622,"1-5,9-17,21-22,25-27,60-62,91-94"
684,LEE,Leeds LEE684,WH,Beeston Ring Road,Leeds,LS11 0BD,Stuart Tullet,0113 3858100,Robbie Hillier,01133 858122,"1-5,9-12,15,17,18,60-62,91-94"
938,TFP,Trafford Park TFP938,WH,Redclyffe Road,Manchester,M41 7LG,Dave Ponting,0161 746 8443,Steve Price,0161 7463422,"1-5,9-13,28-29,31,60-63,91-94"
668,TFF,Bedford TradePoint TFF668,WH,Sam Clark Way Interchange Retail Park,Kempston,MK42 7GA,Nathan Sutters,01234 244222,Nathan Sutters,01234 244222,60-65
241,BOL,Bolton BOL241,WH,Bolton Gate Retail Park,Bolton,BL1 2SL,Sarah Coeulle,01204 365676,KEVIN ALEXANDER,01204 367522,"2,4-6,10-16,23,29,30,60-62,91-94"
727,DWR,Doncaster DWR727,WH,Catesby Business Park,Doncaster,DN4 8DG,Dave Drewett,01302 554300,Bernie Tuczemskyi,01302 554322,"1-5,9-12,15,23-27,41,60-62,91-94"
724,AFW,Sutton-In-Ashfield AFW724,WH,Ashfield Gateway,Sutton in Ashfield,NG17 4HW,Rachel Coult,01623 442244,Adam Batten-Jones,01623 445522,"2-5,9-14,22-25,60-62,91-94"
439,LLA,Llanelli LLA439,SC,Trostre Retail Park,Llanelli,SA14 9US,Helen Porter,01554 744999,Helen Porter,01554 744999,"1-3,7,10,12-13,91-94"
435,HGW,High Wycombe HGW435,SC,London Road,High Wycombe,HP11 1EZ,Richard Vaughan,01494 463400,Richard Vaughan,01494 463400,"1,5-6,9-11,91-94"
960,FLB,Penryn FLB960,WH,Kernick Road,Penryn,TR10 9DQ,Paul Fowler,01326 373688,Paul Fowler,01326 373688,"1-7,10,12"
851,FSI,Fakenham FSI851,SC,Enterprise Way,Fakenham,NR21 8SN,Simon Morris,1328852340,Simon Morris,1328852340,01-Apr
614,BYA,Bury BYA614,WH,Bridgehall Industrial Park,Bury,BL9 7PJ,Matt Campbell,0161 764 8844,Jo Kinney,0161 762 7511,"7-14,17-19,60-62,91-94"
934,YYK,York YYK934,WH,Hull Road,York,YO10 3JA,Tony Aspin,01904 717700,Glen Stockdale ,01904 717722,"5-8,12-15,24,25,60-62,91-94"
692,NAM,Nottingham NAM692,WH,Riverside Retail Park,Nottingham,NG2 1RU,Clive Marshall,0115 968 2100,Sara Cassettari,0115 968 2122,"1-5,9-12,16,23,24,60-63,91-94"
205,GOR,Gorseinon GOR205,SC,Gorseinon Road,Garngoch Gorseinon,SA4 9GE,Matt Welsher,01792 897337,Matt Welsher,01792 897337,01-Apr
772,CNF,Acton CNF772,WH,Western Avenue,Acton,W3 0TA,Sean Williams,02089 924005,Shishir Shakya,0208 896 7022,"1-3,12-14,60-61,91-94"
195,PNZ,Penzance PNZ195,WH,Longrock-By-Pass,Penzance,TR18 3AR,Caron Wiltshire,01736 332844,Caron Wiltshire,01736 332844,"1-6,8"
565,THL,Thetford THL565,SC,Forest Retail Park,Thetford,IP24 3QL,Tony Baldwin ,1842756320,Tony Baldwin ,1842756320,01-Apr
549,BLB,Blackburn BLB549,WH,Bolton Road,Blackburn,BB2 3QP,Graeme McNally,01254 678100,Graeme McNally,01254 291622,"3-5,9-10,12-14,29-31,60-61,91-94"
121,DLN,Darlington DLN121,WH,Morton Park,Darlington,DL1 4PJ,Darren Payne,1325 285341,Darren Payne,01325 280022,"3-4,8-10,13,19,20,60-61,91-94"
228,LBR,Loughborough LBR228,WH,Jubilee Drive,Loughborough,LE11 5XS,Angela Peel,01509 631600,Angela Peel,01509 631622,"1,3,6-9,13-15,18,60-62,91-94"
211,CMN,Cwmdu CMN211,SC,Carmarthen Road Cwmdu,Swansea,SA5 8LL,Steve Winfield,01792 580262,Steve Winfield,01792 580262,01-May
672,CSK,Chiswick CSK672,WH,2 Larch Drive,Chiswick Roundabout,W4 5QL,Helen Khan ,020 8995 8028,Abbie Reynolds ,020 8996 5922,"1-10,60-62,91-94"
660,CBE,Camborne CBE660,WH,Camborne Retail Park,Camborne,TR15 3PS,Paul Rogers,01209 720089,Paul Rogers,01209 720089,"2-5,13,60,61,91-94"
485,BSD,Bury St Edmunds BSD485,SC,43-48 Risbygate Street,Bury St Edmunds,IP33 3AA,Richard Greenacre,01284 706316,Richard Greenacre,01284 706316,01-May
768,PST,Bamber Bridge PST768,WH,Unit 1 Craven Drive,Preston,PR5 6BZ,Simon Gaier,01772 628322,Steve Hothersall,01772 645322,"8-14,19,26-27,60-62,91-94"
663,STC,Stockton STC663,WH,Cheltenham Road,Stockton-on-Tees,TS18 2SA,Ron Bacon,01642 667800,Ric Crump,01642 667822,"2-7,11-14,24-27,60-62,91-94"
137,LST,Leicester LST137,WH,35 Devonshire Road,Leicester,LE4 0BG,Jeff Henderson,0116 253 3100,Mark Berry,01162 533122,"2-6,10-12,17,23-24,60-62,91-94"
479,NEH,Neath NEH479,SC,Riverside Drive,West Glamorgan,SA11 1RX,Steve Winfield,01639 635001,Steve Winfield,01639 635001,01-May
156,LEA,Leatherhead LEA156,WH,Kingston Road,Leatherhead,KT22 7QB,Paula Janion,01372 373793,Paula Janion,01372 373793,"1,2,6-8,13,15,91-94"
418,STA,St Austell STA418,WH,Pentewan Road,St Austell,PL25 5BU,John Wing,01726 871100,John Wing,01726 871100,01-May
776,SYD,Sudbury SYD776,SC,Woodhall Business Park,Sudbury,CO10 1WH,Terri Pinfold,1787242900,Terri Pinfold,1787242900,01-Apr
809,BPL,Blackpool BPL809,WH,Whitehills Retail Park,Blackpool,FY4 5LU,Paul Ainsworth,01253 798111,Tracy Gray,01253 792322,"4-6,10-12,17,22,23,60-63,91-94"
761,MBR,Middlesborough MBR761,WH,Cleveland Retail Park,Middlesbrough,TS6 6UB,Paul Dougan,01642 430043,Paul Heath,01642 446922,"1-7,22,24,25,60-62,91-94"
719,CET,Coventry CET719,WH,Brandon Road,Coventry,CV3 2JD,Jon Smith,024 7660 8100,Rob Caren,02476 608122,"8-15,18,22-24,60-62,91-98"
209,BRI,Bridgend BRI209,WH,The Royal London Park,Waterton Bridgend,CF31 3TN,Kelly Jenkins,01656 768611,Kelly Jenkins,01656 768611,"1-3,7-11,91-94"
179,GLD,Guildford GLD179,WH,Ladymeade Retail Centre,Guildford,GU1 1AJ,Mark Sparrow,01483 304881,Mark Sparrow,01483 304881,"1-2,6-10,12,14-15,91-94"
944,LAY,Launceston LAY944,SC,Hurdon Road,Launceston,PL15 9DJ,Ian Cockerill ,1566778440,Ian Cockerill ,1566778440,01-Apr
592,HCP,Haverhill HCP592,SC,Cambridge Road Retail Park,Haverhill,CB9 7GS,Sean Perks,01440 711000,Sean Perks,1440760200,01-May
257,PBH,Peterborough PBH257,WH,Maskew Avenue,Peterborough,PE1 2HS,Ian Scott,01733 891166,Martin Vale,01733 866722,"4,8-18,21,23,60-62,91-94"
746,POO,Poole POO746,WH,Fleets Lane,Poole,BH15 3BN,Manda Sharp,01202 689300,Peter Lucas,01202 689322,"1-15,60-65,91-98"
916,WHT,Hermiston Gait WHT916,WH,Hermiston Gait Retail Park,Edinburgh,EH11 4DG,Gary Burns,0131 458 3300,Ian Jones ,0131 4586222,"1-5,9-12,17,18,20,60-62,91-94"
292,WHE,Whetstone WHE292,WH,1201 High Road,Whetstone,N20 0PD,Graham Raven,020 8445 3696,Graham Raven,020 8445 3696,"1-4,8,9,60,91-94"
893,XMT,Aberystwyth XMT893,SC,Parc-Y-Llyn Retail Park ,Aberystwyth,SY23 3TL,Gail Faulkner,01970 636 505,Gail Faulkner,01970 636 505,01-Apr
330,ASU,Ashington ASU330,SC,Freeman Way,Ashington,NE63 0YB,Luke Hurdiss,01670 784200,Luke Hurdiss,01670 784200,01-Apr
566,WFC,Folkestone WFC566,WH,Park Farm Road,Folkestone ,CT19 5EA,James Gillespie ,01303 226008,James Gillespie ,01303 226008,"1-6,9-12,60,61"
745,NWC,Norwich NWC745,WH,Boundary Road,Norwich,NR6 5JS,John Brady,01603 269000,Tracey Cooper ,01603 269022,"2-6,10-15,21-23,60-62,91-94"
765,CPT,Castlepoint CPT765,WH,Yeomans Way,Bournemouth,BH8 9UB,Jonathan Hudson,01202 859899,Jonathan Hudson,01202 844322,"2-4,6-9,11,14,15,17-21,26,60-62,91-94"
799,EGH,Edinburgh EGH799,WH,New Craighall Retail Park,Edinburgh,EH15 3HS,Steve Gloag,0131 454 4900,Neil Martin,0131 454 4922,"4-8,12-16,18,22,24,60-63,91-94"
281,BOA,Friern Bridge Barnet,WH,Pegasus Retail Park,Barnet,N11 3PW,Mike Onslow,02083 680706,TBD,0,"1-7,60-62,91-94"
883,CPR,Cardigan CPR883,SC,Aberystwyth Road,Cardigan,SA43 1NA,Julian Starkey,1239622700,Julian Starkey,1239622700,01-Apr
325,SSH,South Shields SSH325,SC,Millbank Industrial Estate,Tyne and Wear,NE33 1RB,Andy Watson,0191 456 6218,Andy Watson,0191 456 6218,01-May
881,DTM,Dover DTM881,WH,Honeywood Parkway,Dover,CT16 3GN,David Fowle,01304 873500,David Fowle,01304 873500,"1-8,91-94"
829,GYW,Great Yarmouth GYW829,WH,Unit 1 Pasteur Retail Park,Great Yarmouth,NR31 0DH,Colin Bradford,01493 440611,Peter Oakes,01493 382322,"1-5,9-12,21-22,24,26,60-62,91-94"
223,EXT,Exeter EXT223,WH,Avocet Way,Exeter,EX2 7JF,Roni Chatfield ,01392 261700,Roni Chatfield,01392 261722,"1-10,16,60-62,91-94"
667,DUE,Dundee DUE667,WH,25 Kings Cross Road,Dundee,DD2 3PS,Nigel Inglis,01382 834700,David Mitchell,01382 834722,"11-12,16-19,25-26,60-62,91-94"
492,TOT,Tottenham TOT492,WH,Tottenham Hale Retail Park,Tottenham,N15 4QD,Paul Cook,020 8365 1699,Paul Cook,020 8365 1699,"1-2,6,8,9,91-94"
964,PBI,Pembroke Dock PBI964,SC,London Road,Pembroke Dock,SA72 6TX,Brett Jones,1646623700,Brett Jones,1646623700,01-Apr
394,BKR,Byker BKR394,SC,Fossway Byker,Newcastle upon Tyne,NE6 4QB,Steven Head,0191 276 6496,Steven Head,0191 276 6496,01-May
187,MAT,Margate MAT187,SC,Westwood Industrial Estate,Margate,CT9 4JD,Jake Davison,01843 298833,Jake Davison,01843 298833,"1-6,8,11"
665,IPB,Ipswich IPB665,WH,16 Anglia Parkway South,Ipswich,IP1 5QP,Terence Barker,01473 242800,Chris Bennett,01473 242822,"2,4-6,10-16,19,22,23,60-62,91-94"
769,PYT,Plymouth PYT769,WH,Crownhill Retail Park,Plymouth,PL6 5US,Manda Sharp,01752 702444,Sue Cliff,01752 752422,"3-6,12-20,24,27-29,60-63,91-98"
728,ARD,Aberdeen ARD728,WH,Garthdee Road,Aberdeen,AB10 7AY,Frank Cox,01224 326262,Paul Williamson ,01224 327322,"1-4,10-14,19-22,60-63,91-98"
238,WFO,Waltham Forest WFO238,SC,18 Heybridge Way,Leyton,E10 7PQ,Paul Cook,020 8558 4817,Paul Cook,020 8558 4817,01-Jun
623,CRT,Camarthen CRT623,SC,Old Towy Sawmills,Carmarthen Dffyd,SA31 3AS,Jeremy Bowen,01267 220420,Jeremy Bowen,01267 220420,01-May
324,GAT,Gateshead GAT324,SC,Sands Industrial Estate,Gateshead,NE16 3AA,Steven Ellis,0191 488 8144,Steven Ellis,0191 488 8144,01-May
171,THT,Whitstable  THT171,WH,Thanet Way,Whitstable,CT5 3QS,Chris Chappell,01227 793663,Chris Chappell,01227 793663,01-Jun
815,IPS,Ipswich Ransomes Pk IPS815,WH,4 The Sandlings,Ipswich,IP3 9SN,Simon Green,01473 237400,Mark Walley,01473 237422,"1-7,11,19,21,23,24,60-62,91-94"
748,BTL,Bristol BTL748,WH,Gallagher Retail Park,Bristol,BS30 7DA,Karl Jones,0117 301 2000,Jo West,0117 301 2022,"2-11,16-18,25-27,60-63,91-94"
732,GWR,Glasgow GWR GWR732,WH,Great Western Road Retail Park,Glasgow,G15 8TB,Paul Meechan,0141 949 1122,Paul Meechan,0141 949 1122,"2-5,9-13,16-19,60-62,91-94"
113,CHD,Chingford CHD113,WH,Unit 9 Deacon Industrial Estate,Chingford,E4 8QF,Andrew Varty,020 8523 0333,Andrew Varty,020 8523 0333,01-Jun
136,STR,Strood STR136,SC,Unit C Strood Retail Park,Strood,ME2 2AB,Trevor Cox,01634 712801,Trevor Cox,01634 712801,01-Jun
531,FCC,Fareham FCC531,WH,Portswood House,Eastleigh,SO53 3QD,Live Test Till,02380 818555,Live Test Till,02380 818555,"1,3,6,50,61,91"
216,CBR,Cwmbran CBR216,WH,Unit 1 Lockgate Retail Park,Cwmbran Drive Cwmbran,NP44 3JQ,Heidi Revell,01633 877323,Heidi Revell,01633 877323,"1-5,10"
609,CFW,Chelmsford CFW609,WH,Homelands Retail Park,Chelmsford,CM2 5PX,Martin Tubman,01245 235300,Martin Tubman,01245 235322,"1-5,9-14,23-25,28,60-62,91-94"
144,NSS,North Shields NSS144,WH,Middle Engine Lane,Wallsend,NE28 9NT,Eddie Smith,0191 295 0022,Craig Kingsland,0191 295 0022,"2-4,8-12,18-21,60-62,91-94"
648,SSE,Swansea SSE648,WH,Morfa Retail Park,Swansea,SA1 7DF,Alex SHEVILL,01792 659600,Andy Morris,01792 659622,"1-5,9-10,20-22,60-61,91-94"
673,BID,Bridge of Don BID673,WH,Site 1 Newton of Murcar Ind Est,Aberdeen,AB23 8JW,Gary Brown,01224 822079,Gary Brown,01224 822079,"1-7,11"
627,LWT,Lowestoft LWT627,WH,North Quay Retail Park,Lowestoft,NR32 2ED,Andy Smith,01502 561814,Andy Smith,01502 561814,"1-5,9,10"
258,BNY,Banbury BNY258,SC,Industrial Estate,Banbury,OX16 2RL,Luke Bennett,01295 676600,Siobhan Riley,01295 676600,"1-7,60"
168,SBY,Salisbury SBY168,SC,Southampton Road,Salisbury,SP1 2LE,Richard Murrell,01722 332299,Richard Murrell,01722 332299,"2-6,9"
988,SHD,Southend SHD988,WH,Fossetts Way,Southend-On-Sea,SS2 4DQ,Paul Murphy,01702 616819,Darren Ruocco,01702 455022,"2-6,10-12,16-18,20,60-63,91-94"
123,SWD,Scotswood SWD123,WH,Scotswood Road,Newcastle,NE15 6UU,Ian Millington,0191 274 3344,JONNY HOLLAND,0191 275 1722,"3-10,19,20,23,60-62,91-94"
477,CDW,Culverhouse CDW477,WH,Cowbridge Road,Cardiff,CF5 5TG,Paul Beaman ,029 2067 5000,Sean Forsey,02920 675022,"2,6-12,18-19,60-62,91-94"
994,PET,Peterhead PET994,WH,Buchan Way,Peterhead,AB42 3GT,Chris Harkins,01779 491360,Chris Harkins,01779 491360,01-Apr
520,NOV,Norwich NOV520,WH,5 Neatmarket Hall Road,Norwich,NR4 6FB,David McCollin,01603 455378,David McCollin,01603 455378,"1,2,6-9,11-13,91-94"
564,WIR,Witney WIR564,SC,Thorney Leys Park,Witney,OX28 4GF,Karl Taylor,01993 701800,Karl Taylor,01993 701800 ,01-Jul
859,CNH,Chippenham CNH859,WH,Bath Road,Chippenham,SN14 0AT,Martin Ruck,01249 651144,Karolina Radom,1249767522,"1-2,6-9,13-14,60-61,91-94"
839,DFW,Dartford DFW839,WH,Prospect Place Retail Park,Dartford,DA1 1BU,Andrew Moores,01322 228383,Ben Sammonds ,01322 311522,"1-7,11,13,14,17,22,23,60-62,91-94"
225,SDL,Sunderland SDL225,WH,Trimdon Street,Deptford,SR4 6DW,Luke Hurdiss,0191 567 1444,CARL BERRY,0191 5664122,"1-10,11,17,24,25,60-62,91-94"
699,CDF,Cardiff CDF699,WH,7 Dering Road,Cardiff,CF23 8NL,Matt Preece ,029 2073 0400,Adrian Lewis,02920 730422,"3-6,10-12,15,18-19,21,60-62,91-94"
657,ELG,Elgin ELG657,WH,Edgar Road,Elgin,IV30 6YQ,Ronnie Stephen,01343 550105,Ronnie Stephen,01343 550105,"1-5,10,91-94"
499,KMS,Kings Lynn KMS499,WH,Harwick Retail Park,Kings Lynn,PE30 4HX,Scott Tapson,01553 775400,Scott Tapson,01553 775400,"4-7,9-12,91-94"
494,ABN,Abingdon ABN494,SC,Nuffield Way,Abingdon,OX14 1RL, Dan Fuller,01235 550022,Dan Fuller,01235 550022,01-Apr
880,DVM,Devizes DVM880,SC,Hambleton Avenue,Devizes,SN10 2RD,Darren Defreitas,1380829100,Darren Defreitas,1380829100,01-Apr
710,WTH,West Thurrock WTH710,WH,Heron Way,West Thurrock,RM20 3WJ,Jason Faluci ,01708 682700,Mike Wynne,01708 682722,"2-8,12-13,15,18,19,60-62,91-94"
632,WSR,Washington WSR632,WH,Armstrong Industrial Estate,Washington,NE37 1LH,Michael Telfer,0191 415 7029,John Hosking,0191 418 6522,"1-5,9-11,20,22,23,60-62,91-94"
833,WSI,Swindon WSI833,WH,Barnfield Road,Swindon,SN2 2DJ,Dave Spicer,01793 642900,Jim Knott,01793 647522,"3-6,10-15,19-23,60-62,91-94"
958,INV,Inverness INV958,WH,Longman Road,Inverness,IV1 1RY,Don Gardiner,01463 238800,Don Gardiner,01463 253722 ,"1-5,9-13,60-61,91-94"
467,WSB,Wisbech WSB467,WH,Elm High Road,Wisbech,PE13 2SJ,Chris Stebbings,01945 589881,Chris Stebbings,01945 589881,"1,2,6,11,91-94"
795,AYL,Aylesbury AYL795,WH,Vale Park Drive,Aylesbury,HP20 1EA,James Mimpress,01296 338753,James Mimpress,01296 338753,"1,2,6-10,13,91-94"
473,TRE,Trowbridge TRE473,SC,Bradley Road,Trowbridge,BA14 0RQ,Joe Jones-Griffiths,01225 777891,Christopher Chapman,01225 777891,01-May
735,BEC,Becton BEC735,WH,Unit 3 Gateway Retail Park,Beckton,E6 6LG,Gordon Howes,0208 709 1100,Paula Jordan,020 8709 1122,"3-10,17-18,60-63,91-94"
895,DUW,Durham DUW895,WH,Durham City Retail Park,Durham,DH1 2HJ,Dave Brown,0191 386 3899,Mark Owen,0191 374 6522,"1-7,11-13,22,23,24,27,60-62,91-94"
567,GLW,Gloucester GLW567,WH,St Oswalds Retail Park,Gloucester,GL1 2TE,Mark Towns,01452 313 900,Hayley Foy,01452 316622,"4-7,11-16,21-24,60-62,91-94"
939,PAV,Perth PAV939,WH,Crieff Road,Perth,PH1 3NR,Iain henderson,01738 624101,Iain henderson,01738 624101,"4,8-10,14,15,91-94"
536,SSP,Spalding SSP536,SC,Unit 1,Spalding,PE11 1RQ,Dan Sharpe,1775715300,Dan Sharpe,1775715300,01-May
628,BTY,Bletchley BTY628,WH,144 Watling Street,Bletchley,MK1 1YY,Mark Cox,01908 648511,Mark Cox,01908 648511,01-Sep
767,YVL,Yeovil YVL767,WH,Lysander Road,Yeovil,BA20 2BU,Paul Haylock,01935 429147,Richard Nixon,01935 429147,"1-3,8-9,91-94"
749,PSY,Paisley PSY749,WH,Abbotsinch Retail Park,Paisley,PA3 4EP,Steven Maxwell ,0141 889 5500,Colin Wilson,01418 405822,"1,2,5-8,12-17,19,60-62,91-94"
729,FBR,Farnborough FBR729,WH,Invincible Road,Farnborough,GU14 7SS,Matt Fairclough,01252 379600,Alison Clifton,01252 379622,"4-7,13-18,20,27-30,33,60-63,91-98"
989,GNG,Gillingham  GNG989,WH,Will Adams Ind Est,Gillingham,ME8 6BY,Stuart Hawkes,01634 386050,Angus Mercer,01634 384022,"1-5,9-14,21-30,60-63,91-94"
533,SFR,Stafford SFR533,WH,Litchfield Road,Stafford,ST17 4LN,Tony Hazeldine,01785 247718,Adie Staples,01785 216422,"1-2,6-10,12-14,60-61,91-94"
272,KET,Kettering KET272,SC,Meadow Road,Kettering,NN16 8TL,Rob Gaylor,01536 482431,Rob Gaylor,01536 482431,01-Apr
181,PLM,Plymouth PLM181,SC,Plymouth Road,Plymouth,PL7 4SS,Mitch Kuhn,01752 334800,Mitch Kuhn,01752 334800,"1-6,60"
698,DRN,Darnley DRN698,WH,21 Leggatston Road,Glasgow,G53 7RJ,Darren Payne,0141 621 2244,Thomas Fyfe,0141 621 3722,"3-9,13,14,16-18,45,46,60-63,91-94"
506,IOW,Newport IOW IOW506,WH,Dodnor Lane,Isle of Wight,PO30 5AW,Steve Miller,01983 532290,Steve Miller,01983 539822,"1-7,11,17,21,22,60-62,91-94"
793,CTB,Canterbury CTB793,WH,Sturry Road,Canterbury,CT1 1FX,Mark Coombs,01227 865500,Mark Coombs,01227 865522,"1-2,4,8-12,15,60-63,91-94"
283,SRS,Shrewsbury SRS283,WH,Featherbed Lane,Shrewsbury,SY1 4PP ,Survinder Chhina,01743 469100,Mitch Goulbourne,01743 457552,"1-8,60-61,91-94"
784,MSC,Melton Mowbray MSC784,SC,Leicester Road,Melton Mowbray,LE13 0DB,Howard Thomas ,1664484200,Howard Thomas ,1664484200,01-Apr
870,TRD,Torquay TRD870,WH,Newton Road,Torquay,TQ2 7AS,Tristram Tippett,01803 614500,Tristram Tippett,01803 614500,"1-4,9-12,91-94"
436,ELM,Eltham ELM436,WH,Footscray Road,Eltham,SE9 2TD,Phil Sturla ,020 8850 4411,Ben Sammonds,020 8331 6322,"1-3,7-9,60-61,91-94"
547,BIS,Bishopbriggs BIS547,WH,Strathkelvin Retail Park,Bishopbriggs,G64 2TS,Ruth Wiseman,0141 762 1600,Ruth Wiseman,0141 762 5922,"4,5,9-12,22,27-28,60-62,91-94"
723,POM,Portsmouth POM723,WH,The Pompey Centre,Southsea,PO4 8SL,Mark Howard,023 928 90100,Richard Hare,02392 890122,"3-12,14-15,18-19,21,24-25,27-28,60-62,91-94"
617,AFD,Ashford AFD617,WH,Norman Road,Kent,TN23 7DG,Nick Wisdom,01233 625001,Mark Cadier,01233 652722,"2-5,9-10,17,20-21,60-62,91-94"
432,TFD,Telford TFD432,SC,Unit 2 Telford Bridge,Telford,TF3 4PB,Paul Buckless,01952 230070,Paul Buckless,01952 230070,"1-5,7,91-94"
210,WST,Wigston WST210,WH,Bull Head Street,Leicester,LE18 1PA,Chris Miller ,01162 881360,Chris Miller ,01162 881360,01-Jul
185,NWA,Newton Abbot NWA185,SC,Jetty Marsh Road,Newton Abbot,TQ12 2SL,Wayne Conway,01626 356171,Wayne Conway,01626 356171,01-May
674,SDP,Sidcup SDP674,SC,Crittalls Corner,Sidcup,DA14 6LX,Andrew Moores,020 8308 1844,Greg Gluchy,0208 308 4022,"1,2,6-8,13,60-61,91-94"
572,GLG,Parkhead GLG572,WH,Forge Retail Park,Glasgow,G31 4BG,Bob Harvey,0141 550 5300,David McArthur ,0141 550 5322,"2-5,9-11,18,21,24,45,60-62,91-94"
323,CRB,Cribbs Causeway CRB323,WH,Lysander Road,Bristol,BS10 7TX,Matthew Cook,0117 950 6366,Scott Taylor,0117 301 1922,"1-8,9-19,21-29,31-35,60-62,91-94"
712,CRY,Croydon CRY712,WH,Hesterman Way,Croydon,CR0 4YA,Simon Roberts,020 86495600,Simon Roberts,020 86495600,"2-10,14-15,23-24,26,60-62,91-94"
495,HNY,Hinckley HNY495,SC,25 New Buildings,Leicester,LE10 1HN,Ian Barton,01455 250000,Ian Barton,01455 250000,01-Apr
621,EMT,Exmouth EMT621,SC,Liverton Retail Park,Exmouth,EX8 2NR,Louise Tomsett,01395 226000,Louise Tomsett,01395 226000,01-May
465,BNB,Belvedere BNB465,WH,Lower Road,Belvedere,DA17 6DF,Peter Luxford,020 8311 5010,Eddie Hills,02083 205522,"5,12-14,16,21,25-26,60-61,91-94"
448,BRT,Hartcliffe BRT448,WH,Unit 1 Imperial Park,Bristol,BS13 7TJ,Des Mcarthy ,0117 947 3600,JAMES MARTIN,0117 947 3622,"4-8,12-14,16,20,23,25,60-62,91-94"
615,SUT,Sutton SUT615,WH,Sutton Court Road,Sutton,SM1 4RF,Jon Ashworth,020 87702500,Kip Cross,020 8770 2522,"2-4,23-24,28,33-34,61-62,91-98"
304,STO,Stoke-on-Trent STO304,SC,Pit Lane,Talke Pits,ST7 1TT,Wayne Brown,01782 771323,Wayne Brown,01782 771323,01-Apr
677,CTR,Coventry CTR677,WH,Alvis Retail Park,Coventry,CV5 8BW,Tom Rigby,024 7660 1600,Tom Rigby,024 7660 1600,"1,2,6-8,91-94"
166,EXR,Exeter EXR166,SC,Alphington Road,Exeter,EX2 8HG,Andrew Hooper,01392 412204,Andrew Hooper,01392 412204,01-Jun
626,BSI,Basildon BSI626,SC,Pipps Hill Retail Park,Basildon,SS14 3AF,Simon Phillips ,01268 534884,Jen Mckinlay,01268 884 322,"1-8,60-61"
306,NMN,New Malden NMN306,WH,Beverly Way,New Malden,KT3 4PT,Gary Buckingham,0208 336 3500,Dave Maskell,0208 3368622,"1-19,60-63,91-98"
935,HLS,Halesowen HLS935,WH,Mucklow Hill,Halesowen,B62 8EP,Ross Stevenson,0121 504 9100,Kirsty Hughes ,0121 504 9122,"3-8,12-15,24-27,60-62,91-94"
688,HUD,Huddersfield HUD688,WH,Leeds Road Retail Park,Huddersfield,HD1 6PF,Jason Woods,01484 411700,Paul Durman,01484 411722,"1,3-12,16,18,21-22,60-62,91-94"
873,CLT,Clacton CLT873,WH,Brook Retail Park,Clacton,CO15 3UA,Rob Mansbridge,01255 426516,Rob Mansbridge,01255 426516,"4-7,11-12,91-94"
838,YYY,Arbroath YYY838,SC,Westway Retail Park,Arbroath,DD11 2NQ,Ian Watson,01241 433501,Ian Watson,01241 433501,01-Apr
431,BNS,Barnstaple BNS431,SC,Barnstaple Retail Park,Barnstaple,EX31 2AU,Colin Pink,01271 314400,Colin Pink,01271 314400,01-May
936,YDG,Yeading YDG936,WH,Glencoe Road,Yeading,UB4 9SN,Gary Codd,0208 845 1600,Meenu Gujral ,020 8842 7022,"3-9,13-15,23-25,60-63,91-94"
175,RED,Redditch RED175,WH,Jinnah Road,Redditch,B98 7ER,Mark Fountain,01527 591306,Jackie Glastonbury,01527 582022,"2-5,20-22,60-61,91-94"
625,BAT,Braintree BAT625,SC,Chapel Hill Retail Park,Braintree,CM7 8YH,Tariq Razaq,01376 347313,Tariq Razaq,01376 347313,"1-5,91-94"
599,CHI,Chard CHI599,SC,Furnham Road,Chard,TA20 1AX,Geoff Rees,1460238600,Geoff Rees,1460238600,01-Apr
328,MAF,Mansfield MAF328,SC,Old Mill Lane,Mansfield,NG19 9BG,Simon Twigg,01623 651252,Simon Twigg,01623 651252,01-Apr
226,CRK,Cricklewood CRK226,WH,Unit 1 Broadway Retail Park,London,NW2 1ES,Ashley Dickens ,020 8438 3200,Khurram Yaqub,2084383222,"1,3,8,10-12,14,60-63,91-94"
254,KID,Kidderminster KID254,WH,Green Street,Kidderminster,DY10 1AX,Lee-Ann Butler,01562 825045,Esther Woakes,01562 826422,"2-5,9-13,15,16,22,24,60-62,91-94"
857,DRE,Derby DRE857,WH,Osmaston Park Road,Derby,DE24 8EB,Adrian Knowles,01332 775077,Craig Holland,01332 777622,"2-3,7-14,21-24,60-62,91-94"
687,CAG,Cambridge CAG687,WH,400 Newmarket Road,Cambridge,CB5 8JH,DANIEL SHARPE ,01223 323432,Sheena Cooper,01223 347 322,"1-3,7-10,60-61,91-94"
763,LPO,Leven LPO763,SC,Riverside Retail Park,Leven,KY8 4LT,Scott Scrimgeour,1333432000,Scott Scrimgeour,1333432000,01-Apr
808,TNT,Taunton TNT808,SC,Heron Gate,Taunton,TA1 2LP,Tom Jones-Griffiths,01823 444429,Sadie Morgan,1823624522,"1-4,11,60-61,91-94"
725,SLH,Slough SLH725,WH,Bath Road Retail Park,Slough,SL1 4DX,Ronan Maye,01753 505700,Vin Sarwal,01753 505722,"1-7,15,16,50,60-63,91-94"
744,WED,Wednesbury WED744,WH,Axletree Way,Wednesbury,WS10 9QY,Chris Plant,0121 568 2700,Chris Plant,0121 5682722,"4-8,12,13,15-18,24,41,60-62,91-94"
790,ERT,Erdington ERT790,WH,Dunlop Way,Birmingham,B35 7RD,Jo Shanks,0121 377 4100,Gary Deeming,0121 377 4122,"1-6,10-19,20,21,22,25-26,60-62,91-94"
653,SNT,St Neots SNT653,WH,Priors Gate,St Neots,PE19 8EL,Ross Wardle,01480 212500,Ross Wardle,01480 212500,"1-3,7,11-12,14,91-94"
996,KRK,Kirkcaldy KRK996,WH,Fife Central Retail Park,Kirkaldy,KY2 6QL,Billy Thomson,01592 646000, Ian Thomson,01592 645 622,"1-8,60-61,91-94"
326,BRW,Bridgwater BRW326,SC,The Broadway,Bridgwater,TA6 3LN,Richard Nixon,01278 446655,Richard Nixon,01278 446655,01-Jun
812,BYS,Buxton BYS812,SC,Staden Lane,Buxton,SK17 9RZ,Shaun Mather,1298767200,Shaun Mather,1298767200,01-Apr
932,RDG,Reading RDG932,WH,Reading Gate Retail Park,Reading,RG2 0SA,John Musticone,0118 923 0000,John Musticone,01189 230022,"2-6,12-16,20-23,41,60-63,91-98"
694,WVT,Wolverhampton WVT694,WH,Spring Vale Business Park,Coseley,WV14 0QL,Andy Plester,01902 407300,Phil Kinchin,01902 407322,"1-3,7-12,15,21,60-62,91-94"
548,CWE,Crewe CWE548,WH,Weston Road,Crewe,CW1 6BA,Maureen Milligan,01270 214911,Richard Cartlidge ,01270 754622,"4-12,16,18,25,60-62,91-94"
928,HOP,Huntingdon HOP928,SC,Unit A,Huntingdon,PE29 7DZ,Carol O' Prey,1480445000,Carol O' Prey,1480445000,01-May
459,DFE,Dunfermline DFE459,SC,Carnegie Drive Retail Park,Dunfermline,KY12 7AU,Jason King,01383 621058,Jason King,01383 621058,"1-4,8,91-94"
620,GTB,Glastonbury GTB620,SC,Wirral Park Street Road,Glastonbury,BA6 9XE,Dean Greaves,01458 834248,Dean Greaves,01458 834248,01-May
382,MCD,Macclesfield MCD382,SC,Statham Street,Macclesfield,SK11 6XF,Craig Tudor,01625 616729,Philip Sutton,01625 616729,01-Jun
739,END,Enfield END739,WH,1 Dearsley Road,Enfield,EN1 3RR,Paul Dixon,0208 362 4700,Paul Dixon,020 8362 4722,"1,4-7,11-14,16,22-24,60-62,91-94"
453,LCN,Lincoln LCN453,WH,Beevor Street,Lincoln,LN6 7DJ,Rick Taylor,01522 510009,Jonathan Pease,01522 781622,"2-5,9-13,20,22,23,60-62,91-94"
986,LIV,Livingston LIV986,WH,Dedridge Road North,Livingston,EH54 6DD,Neil Hunter,01506 442200,Bruce Ferguson,01506 835522,"3-7,11-12,18-20,22,60-61,91-94"
389,SCR,Scarborough SCR389,WH,Seamer Road,Scarborough,YO12 4DJ,Charlie Macleod,01723 500477,Charlie Macleod,01723 500477,"1,2,6,8,10,91-94"
555,SXN,Stroud SXN555,SC,Dudbridge Hill,Stroud,GL5 3HX,Bryan Parry,01453 769600,Bryan Parry,0,01-May
172,WEY,Weymouth WEY172,WH,2 Jubilee Close,Weymouth,DT4 7BG,Steve Pestel,01305 768400,Steve Pestel,01305 768400,"1-2,6-7,10,91-94"
832,WSC,Weston-Super-Mare WSC832,WH,Flower Down Retail Park,Weston-Super-Mare ,BS22 8NA,Jenny Cromey-Hawke,01934 424343,Noel Green,01934 427822,"1-4,8-12,60-61,91-94"
392,BDN,Bridlington BDN392,SC,Bessingby Road,Bridlington,YO15 3PE,Mark Whitaker ,01262 400061,Mark Whitaker ,01262 400061,01-Apr
119,BST,Muller Road BST119,SC,Muller Road Horfield,Bristol,BS7 9NU,Nathan,01179 510722,Nathan ,01179 510722,01-Jul
183,BXL,Bexhill BXL183,WH,Unit 1 Ravenside Retail and Leisure Park,Bexhill-on-Sea,TN40 2JS,Damian Readman ,01424 730977,Damian Readman ,01424 730977,"2-3,7-8,11,60,91-94"
753,COB,Coatbridge COB753,WH,Tennent Street,Coatbridge,ML5 4RW,David Brown,01236 449876,Patrick Mullen,01236 442222,"2-5,9-11,17,20,21,27,60-62,91-94"
781,CTH,Cheltenham CTH781,WH,Hatherley Lane,Cheltenham,GL51 6SY,Christopher Chapman ,01242 518400,Lewis Mitten,01242 541922,"1-6,13-15,60-61,91-94"
634,GRI,Grimsby GRI634,WH,Peaks Parkway,Grimsby,DN32 9AW,Marcus Skelton,01472 359694,Marcus Skelton,01472 262522,"1-7,11-14,18,60-62,91-94"
679,GWH,Greenwich GWH679,WH,59 Bugsby Way,Greenwich Peninsula,SE10 0QJ,Gavin Pearson,020 8312 8000,Gavin Pearson,0208 3128022,"3,4,8-12,17,22,25,26,60-62,91-94"
703,CRS,Chester CRS703,WH,Sealand Road,Chester,CH1 4LD,Philip Stephens ,01244 380228,Kevin Croft ,01244 389622,"4-5,8-10,14-19,22-23,60-62,91-94"
610,DNV,Dearne Valley DNV610,WH,Corton Wood Retail Park,Nr Barnsley,S73 0TB,Andy Hinchley,01226 270024,David Howarth,01226 272222,"2-7,11-14,19-21,24,60-62,91-94"
176,EBE,Eastbourne EBE176,SC,Marshall Road,Eastbourne,BN23 6QU,Scott Worner,01323 509466,Scott Worner,01323 509466,01-Jul
608,FIL,Filton FIL608,WH,Fox Den Road,Bristol,BS34 8SP,Scott Murphy,0117 317 2600,Matthew Robinson,0117 317 2622,"1-4,40-41,60-63,91-94"
750,GLL,Goole GLL750,SC,Rawcliffe Road,Goole,DN14 8JN,Robert Marshall,1405752500,Robert Marshall,1405752500,01-Apr
908,MLY,Malvern MLY908,SC,Spring Lane,Malvern,WR14 1AL,Mark Jones,01684 898 830,Mark Jones,01684 898 830,01-May
716,RFD,Romford RFD716,WH,Tangent Link,Romford,RM3 8GZ,Warren Clough,01708 336600,Lee Hogg ,01708 336622,"1-4,8-11,13,18,60-62,91-94"
511,HKG,Hereford HKG511,WH,Holmer Road,Hereford,HR4 9SJ,Julie Brand,01432 277630,Tom Bordewey,01432 378622,"1-3,7,12-14,60-61,91-94"
463,NWH,Newhaven NWH463,SC,The Drove,Sussex,BN9 0AG,Bruce Locke,01273 611844,Shrey Patel,01273 611844,"1-5,7"
573,RFW,Roneo Corner RFW573,WH,Roneo Corner,Romford,RM11 1PY,Adam Whitehouse,01708 734210,Salmaan Beg,01708 776622,"1-4,8-12,21-23,60-62,91-94"
649,SFL,Sheffield Darnall SFL649,WH,Greenland Road,Sheffield,S9 5HE,Elle Bevan,0114 244 6883,John Gore,01142 417422,"2-5,9-12,22,23,28,29,30,31,91-94"
738,WLY,Wallasey WLY738,WH,Bidston Link Road,Wallasey,CH44 2HE,Rob Owens,0151 637 0123,Billy Westbrook,0151 637 3822,"4-8,12-15,19,22-25,60-62,91-94"
678,YOK,York YOK678,WH,Clifton Moor Retail Park,York,YO30 4XU,WILL WOODROW,01904 693030,WILL WOODROW,01904 693030,"1-3,7,12,13,91-94"
169,YTE,Yate YTE169,WH,Station Road,Yate,BS37 5PQ,Glen Smart ,01454 311074,Glen Smart ,01454 311074,01-Jul
452,ATR,Aintree ATR452,WH,Racecourse Industrial Estate,Liverpool,L9 5AN,Maria Davies,0151 524 1001,Maria Davies,0151 524 4422,"2-8,12,13,17,23-25,60-62,91-94"
647,BGR,Burgess Hill BGR647,WH,Mid-Sussex Retail Park,Burgess Hill,RH15 9UG,Gary Curtis,01444 237840,Gary Curtis,01444 237862,"1-7, 60-61, 91-94"
937,CST,Colchester CST937,WH,Hythe Quay,Colchester,CO2 8JX,Richard Carter,01206 790098,NEIL WHITEAKER,01206 225822,"1-2,4-6,10-17,19,60-62,91-94"
507,EVR,Ebbw Vale EVR507,SC,Brunswick Construction Site,Ebbw Vale,NP23 5YD,Martyn Secker,1495300640,Martyn Secker,1495300640,01-Apr
965,HRP,Harrogate HRP965,SC,Oak beck Park,Harrogate,HG1 3HT,Darren Wilde,1423706900,Darren Wilde,1423706900,01-Jun
630,LEY,Leominster LEY630,SC,Mill Street,Leominster,HR6 8EF,Shane Williams ,1568619240,Shane Williams,1568619240,01-Apr
701,SQR,Sheffield Qns Road SQR701,WH,Queens Road,Sheffield,S2 4DR,Marcus Skelton,0114 278 0303,Kris Ward,0114 278 2922,"4,9-17,23-25,60-62,91-94"
697,WTF,Watford WTF697,WH,Lower High Street,Watford,WD17 2JJ,Chris Webb,01923 211868,Andy O'Brien,01923 831622,"1-4,8-11,13,14,19,22,23-24,60,61,63,91-94"
794,ODM,Oldham ODM794,WH,Westhulme Way,Oldham,OL1 2PH,Janette Rayson,0161 626 0066,Janette Rayson,0161 925 3522,"7-8,12-19,60-62,91-94"
588,CAD,Carlisle CAD588,WH,London Road,Carlisle,CA1 2PW,Sandra Kimberley,01228 818100,Sandra Kimberley,01228 818100,"1-3,7-10,14,15,91-94"
493,CWL,Crawley CWL493,WH,London Road,Sussex,RH1O 8JD,David Milborrow,01293 611651,David Milborrow,01293 611651,"1-4,8-13,91-94"
355,EVS,Evesham EVS355,WH,Four Pools Lane Retail Park,Evesham,WR11 1DN,Dave Evans,01386 422300,Matthew Bedson,01386 422300,"1-3,7-9,11-12,14,15,91-94"
867,LTY,Louth LTY867,SC,Belvoir Road,Louth,LN11 0LQ,Richard starkey,01507 353140,Richard starkey,01507 353140,01-May
354,WRE,Wrexham WRE354,WH,Berse Road,Wrexham,LL11 2BL,Paul Tym,01978 362777,Paul Tym,01978 362777,01-Jul
837,WSE,Stevenage WSE837,WH,London Road,Stevenage,SG1 1XW,Steve Bull,01438 745600,Stephen Stevenson ,01438 761322,"1-3,7-21,25,60,62,91-94"
807,CHH,Cheetham Hill CHH807,WH,Unit 1 Manchester Fort Shopping Park,Manchester,M8 8EP,Darren Kay,0161 832 4200,Lee Boyce,0161 8292522,"1-5,9,10,14,15,19-20,22,60-62,91-94"
642,NTA,Newtownabbey NTA642,WH,Abbey Retail Park,Newtownabbey,BT36 7GU,Brett Borkowski ,028 9036 9102,Brett Borkowski ,028 9036 1222,"5-9,13-15,21,22,24,60-61,91-94"
480,TUN,Tunbridge Wells TUN480,WH,Longfield Road,Tunbridge Wells,TN2 3EW,Paul Ritchie,01892 557556,Paul Ritchie,01892 557556,"1-5,9-10,13-16,60,61,91-94"
468,SUA,Stratford upon Avon SUA468,SC,Unit A Maybird Centre,Stratford-upon-Avon,CV37 0HZ,James Shuttleworth,01789 415446,James Shuttleworth,01789 415446,01-May
789,SKP,Skegness SKP789,SC,Wainfleet Road,Skegness,PE25 3ST,Ray Munroe,1754897540,Ray Munroe,1754897540,01-Apr
396,EPT,Ellesmere Port EPT396,SC,Station Road,Ellesmere Port,CH65 4FT,Cliff Holliday,0151 357 1414,Cliff Holliday,0151 357 1414,01-May
968,LUT,Luton LUT968,WH,Laporte Retail Park,Luton,LU1 1HJ,Caroline Voutsinas,01582 402300,Sue McCullough,01582 816122,"2,5,7-10,14-16,19-27,60-63,91-94"
933,EBF,Holywood EBF933,WH,Holywood Exchange,Belfast,BT3 9DY,Steve Aicken,028 9039 7744,Steve Aicken,028 9039 7022,"4-8,12,13,20,21,60-61,91-94"
398,TBG,Tonbridge TBG398,SC,Cannon Lane,Kent,TN9 1PN,Jenny Cromey-Hawke,01732 770441,Jenny Cromey-Hawke,01732 770441,01-Jun
336,BLA,Blackpool BLA336,WH,Holyoake Avenue,Blackpool,FY2 0BQ,Steve O'Brien,01253 594234,Steve O'Brien,01253 594234,"1-6,91-94"
218,SHL,Solihull SHL218,WH,Solihull Retail Park,Shirley,B90 4RB,Simon Hatton,0121 745 7799,Simon Hatton,0121 745 7799,"1-7,60-62,91-94"
796,BOO,Boston BOO796,WH,The Westbridge Centre,Boston,PE21 7JD,Neil Durkin,01205 355877,Neil Durkin,01205 355877,"1-5,8"
471,NRC,Northwich NRC471,WH,Manchester Road,Northwich,CW9 5LY,Andy Fraser,01606 352312,Andy Fraser,01606 352312,"1-3,7, 9-10,91-94"
771,NTT,Northampton NTT771,WH,Towcester Road,Northampton,NN1 1BQ,Darren Letherbarrow,01604 823100,John Ross,01604 823122,"7-8,15,91-94"
676,BLF,Boucher Road BLF676,WH,Boucher Road,Belfast,BT12 6HR,Colin McShane,02890 386 900,Colin McShane,02890 386 922,"4-10,12,14,25,26,60,61,62,91-94"
151,MAI,Maidstone MAI151,SC,Barker Road,Maidstone,ME16 8DW,Dyan Chamberlain,01622 672488,Dyan Chamberlain,01622 672488,01-May
314,LAN,Lancaster LAN314,SC,Aldcliffe Road,Lancaster,LA1 1AZ,David Buchan,01524 388366,David Buchan,01524 388366,01-May
386,GTM,Grantham GTM386,SC,Grantham Retail Park,Grantham,NG31 6EN,Jonathan Warnes,01476 591112,Jonathan Warnes,01476 591112,01-May
638,HDR,Handforth HDR638,WH,Unit 5 Stanley Green Retail Park,Cheadle Hulme,SK8 6PT,Wayne Nixon,0161 485 8807,Wayne Nixon,0161 485 8807,"2,3,7-11,91-94"
751,AHM,Altrincham AHM751,WH,Atlantic Street,Altrincham,WA14 5BW,JOHN DAVIES,0161 926 8185,JOHN DAVIES,0161 926 8185,"4-9,14-15,91-94"
286,BAR,Barrow-in-Furness BAR286,WH,Unit 2 Cornmill Park,Barrow-in-Furness,LA14 2GN,Andy Cronin,01229 871157,Andy Cronin,01229 871157,"4-10,12,91-94"
449,CVN,Craigavon CVN449,WH,Marlborough Retail Park,Craigavon,BT64 3AD,Alan Gilddings,028 3832 7111,Alan Gilddings,028 3831 5422,"3,4,8-11,16-17,60-61,91-94"
152,LAR,Larkfield LAR152,SC,London Road,Aylesford,ME20 6NY,Nik Fowden ,01732 870470,Nik Fowden ,01732 870470,01-Jun
702,LOS,Meir Park LOS702,WH,Meir Park,Stoke on Trent,ST3 7AA,Phill Holt,01782 323616,Phill Holt,01782 793322,"3-9,13-18,20,26,28,60-61,63,91-94"
757,NLX,Newark-on-Trent NLX757,SC,Beacon Hill Retail Park,Newark-on-Trent,NG24 2EH,Howard Thomas,01636 643600,Howard Thomas,01636 643600,01-May
955,TRA,Tamworth TRA955,WH,Cardinal Point Retail Park,Tamworth,B78 3HG,Mark Maguire,01827 308500,Mike Gritt,01827 308522,"1-8,60-62,91-94"
977,WOB,Burton on Trent WOB977,WH,Wellington Road,Burton-Upon-Trent,DE14 2AJ,Simon Twigg,01283 546545,Luke Street,01283 494122,"1-9,60-61,91-94"
645,CRN,Coleraine CRN645,WH,Riverside Centre,Coleraine,BT51 3QQ, Brett Borkowski,028 7032 9575, Brett Borkowski,028 7032 9575,"2-6,14-15,91-94"
652,EKB,East Kilbride EKB652,WH,Mavor Avenue,East Kilbride,G74 4QX,Mike Ness,01355 590054,Peter McLachlan,01355 597122,"7-12,23-28,60-62,91-94"
496,LUN,Luton LUN496,WH,Gipsy Lane,Luton,LU1 3JH,Tariq Razaq,01582 728821,Tariq Razaq,01582 728821,"1-9,11"
385,SHP,Southport SHP385,SC,Meols Cop Road,Lancs,PR8 6JU,Sam Mason,01704 500085,Sam Mason,01704 500085,"1-3,6-8"
658,SNP,Scunthorpe SNP658,SC,Gallagher Retail Park,Doncaster Road,DN15 8GR,Stacey Wilbor,01724 281008,Stacey Wilbor,01724 281008,"1-9,13"
128,WND,West Norwood WND128,WH,304-322 Norwood Road,West Norwood,SE27 9AF,Dave Parfitt,020 8761 1236,Dave Parfitt,020 8761 1236,01-May
671,WAW,Wandsworth WAW671,WH,Smugglers Way,Wandsworth,SW18 1EG,Michael Collet,020 8875 8000,Daniel Brent,020 8875 8000,"1-5,9-16,60-61,91-94"
420,CSW,Cumbernauld CSW420,WH,Westway Retail Park,Glasgow,G68 0DA,Gerry Cusack,01236 457100,Gerry Cusack,01236 457100,"4-12,91-94"
706,GSU,Gainsborough GSU706,SC,Lea Road,Gainsborough,DN21 1AF,Richard Reeves,01427 676000,Richard Reeves,01427 676000,01-Apr
470,MKY,Burnage MKY470,WH,Kingsway,Manchester,M19 1BB,Paul Johnston,0161 257 2839,Paul Johnston ,0161 257 2839,01-Jul
731,BLL,Ballymena BLL731,WH,Braidwater Retail Park,Ballymena,BT42 3ES,Jay Smit,028 2565 1771,Jay Smit,028 2565 1771,"1-3,7-8,13,91-94"
469,BCR,Bedford BCR469,WH,Sam Clark Way Interchange Retail Park,Bedford,MK42 7GA,David Cook,0,David Cook,0,"1-7, 60-61, 91-94"
601,POL,Port Glasgow POL601,WH,Unit A Gallgher Retail Park,Port Glasgow,PA14 5DX,Ella Harkins ,1475747900,Christopher MacDonald ,01475 747922,"1-9,60-61,91-94"
197,ETD,Eastwood ETD197,WH,Derby Road,Eastwood,NG16 3NZ,Jon Wilson,01773 530290,Jon Wilson,01773 530290,"1,2,6,8,10,91-94"
740,IVE,Stevenston IVE740,WH,1 Hawkhill Retail Park,Irvine,KA20 3DE,Steven Clancy,01294 471909,Steven Clancy,01294 471909,01-Jul
896,LOD,Buncrana Road LOD896,WH,Faustina Retail Park,Buncrana Road,BT48 8QN,Andrew Jones,0287 127 1600,Fraser Taylor ,0287 127 1600,"2-5,22-24,91-94"
443,MTH,Motherwell MTH443,SC,Braidhurst Industrial Estate,Motherwell,ML1 3ST,Martin Higgins,01698 269124,Martin Higgins,01698 269124,01-Apr
193,PKH,Old Kent Road PKH193,WH,524 Old Kent Road,London,SE1 5BA,Dave Owens,020 7252 0657,Dave Owens,020 7252 0657,"1,2,6-10,12,13,91-94"
858,WLR,Wellingborough WLR858,WH,Castlefields Retail Park,Wellingborough,NN8 2DP,Leigh Cleary,01933 275611,Leigh Cleary,01933 275611,"1-3,7-9,11,13-14,91-94"
377,WRP,Worksop WRP377,SC,Babbage Way off Gateford Road,Worksop,S80 1UQ,Jamie Wallace,01909 500630,Jamie Wallace ,01909 500630,01-Jun
806,ENT,Netherfield ENT806,WH,Victoria Retail Park,Netherfield,NG4 2PA,Ian Smith,0115 987 4833,Ian Smith,0115 987 4833,"1-4,8,10,13,91-94"
483,KLY,Keighley KLY483,WH,Alston Road,Keighley,BD21 3NG,John Haston,01535 611057,John Haston,01535 611057,"1,2,6,8-10,91-94"
797,KMK,Kilmarnock KMK797,WH,Queens Drive,Kilmarnock,KA1 3XB,Mandi McCready,01563 570222,Mandi McCready,01563 570222,"1,2,6-8,10,91-94"
301,MCH,Manchester MCH301,SC,Great Stone Road,Stretford,M32 0YP,Mike Cotton,0161 865 8435,Mike Cotton,0161 865 8435,01-May
277,SAM,Stanmore SAM277,WH,Honeypot Lane,Stanmore,HA7 1QL,Ashley Dickens,020 8204 8181,Ashley Dickens ,020 8204 8181,"1-3,7-9,11,91-94"
824,SPF,Sprucefield SPF824,WH,Sprucefield Park,Lisburn,BT27 5UQ,Alan Magill,028 9267 8989,Alan Magill,028 9267 8989,"1-5,10-12,91-94"
871,WCS,Chesterfield WCS871,WH,Spire Walk Business Park,Chesterfield,S40 2EB,Steven Fowkes,01246 555867,Marc Johnson.,1246293222,"1-6,9-11,60-61,91-94"
282,ARN,Arnold ARN282,SC,8-10 Mansfield Road,Nottingham,NG5 6BP,Chris Millar,01159 263456,Chris Millar,01159 263456,01-Apr
737,ARR,Ayr ARR737,WH,Sanquhar Farm Road,Ayr,KA8 9TB,Brian Dougan,01292 886644,Brian Dougan,01292 886644,"1-3,7-9,11,91-94"
329,BRD,Bradford BRD329,SC,Mountleigh Close,Bradford,BD4 6SP,Dave Neaverson,01274 688327,Dave Neaverson,01274 688327,01-Jul
288,HEM,Hemel Hempstead HEM288,SC,Two Waters Road,Hemel Hempstead,HP3 9BX,Phil Watson,01442 216644,Phil Watson,01442 216644,01-Jun
931,NWY,Newry NWY931,WH,Damolly Retail Park,Newry,BT35 6PR,STEPHEN AICKEN ,028 3025 7722,STEPHEN AICKEN ,028 3025 7722,"1,2,6-12,91-94"
669,SED,Sheffield SED669,SC,701 Penistone Road,Sheffield,S6 2GF,Dean Wolstenholme,01142 336330,Dean Wolstenholme,01142 336330,01-Jun
318,SWN,Swinton SWN318,SC,Wilfred Street,Manchester,M27 6LN,John Davies,0161 794 8411,John Davies,0161 794 8411,01-May
991,ATH,Athlone ATH991,IE,Arcadia Retail Park,Athlone,EIRE,Nick Friel,09064 49100,Nick Friel,09064 49100,"4-7,10,11,91-94"
429,BAU,Bishop Auckland BAU429,SC,Bob Hardisty Drive,Bishop Auckland,DL14 7TW,Gary Robinson,01388 601577,Gary Robinson,01388 601577,01-May
472,BSL,Etruria BSL472,SC,Unit 6 Festival Park,Stoke-on-Trent,ST1 5SF,Carrie-anne Oakden,01782 284381,Carrie'Anne Oakden,01782 284381,"1-7,10,11"
619,GVD,Gravesend GVD619,WH,Imperial Business Estate,Gravesend,DA11 0DY,Ian Calver,01474 536534,Ian Calver,01474 536534,"1-5,8-9"
680,KDW,Kendal KDW680,SC,Burton Road,Kendal,LA9 7JU,Paul Goulder,1539817000,Paul Goulder,1539817000,01-May
299,PTP,Pontypridd PTP299,WH,Ynysangharad Road,Pontypridd,CF37 4DA,Andy Doogan ,01443 480851,Alistair Miller ,01443 480851,"1-6,8,9"
510,RHM,Rotherham RHM510,WH,Rotherham Road,Rotherham,S60 1SG,Kevin Hogarth,01709 528855,Rachel Coult,01709 528855,"1-8,91-94"
875,SDS,Swords Dublin  SDS875,IE,Airside Retial Park,Dublin,Eire,Paul Scott ,01 8708599,John Moran,01 8708599,"4-7,9-13,91-94"
704,CPY,Caerphilly CPY704,WH,Crossways Retail Park,Caerphilly,CF83 3NL,Karl Perry,029 2085 0110,Adrian Lewis,2920807522,"1-3,7-9,14,60-61,91-94"
850,GAL,Galway GAL850,IE,Galway West District Centre,Rahoon,EIRE,Robert McErlain,091 573 400,Robert McErlain,091 573 400,"1-4,9-10,91-94"
393,HTL,Hartlepool HTL393,SC,Tees Bay Retail Park,Hartlepool,TS25 1XH,Glenn Warwick,01429 272229,Tony Aspin,01429 272229,01-May
239,ILF,Ilford ILF239,WH,Horns Road,llford,IG2 6QG,Dave Parfitt,020 8554 6653,Dave Parfitt,020 8554 6653,"1,2,6,7,9,10,13-14,91-94"
860,TAL,Tallaght TAL860,IE,Belgard Retail Park,Dublin,Eire,"Craig Verdon
",016804 650,"Craig Verdon
",016804 650,"2-3,7-9,11,15,91-94"
734,WDD,Wakefield WDD734,WH,Cathedral Retail Park,Wakefield,WF2 9SE,Peter Stewart,01924 377988,Peter Stewart,01924 377988,"1,2,6-8,11,91-94"
820,PNL,Penrith PNL820,WH,The Old Stables Redhills,Penrith,CA11 0DT,James Irvine,01768 861300,James Irvine,01768 861322,"1-6,60-61,91-94"
618,CNK,Cannock CNK618,WH,Wryley Brook,Bridgetown,WS11 0XF,Paul Claridge,01543 468839,Paul Claridge,01543 468839,"1-4,8,11,91-94"
206,CAR,Cardiff CAR206,SC,Hadfield Road,Cardiff,CF11 8AQ,Simon Brown,029 2039 5936,Simon Brown,029 2039 5936,01-May
866,CDS,Consett CDS866,WH,Hermiston Retail Park,Consett,DH8 5RE,James Irvine,01207 586820,James Irvine,01207 586820,"1-3, 60, 91-94"
358,DSY,Dewsbury DSY358,SC,Wilton Street,Dewsbury,WF12 8AB,Jeremy Davis,01924 457435,Jeremy Davis,01924 457435,01-May
766,GSY,Guernsey GSY766,CI,Admiral Park,Guernsey,GY1 2AS,Grant MacGregor,01481 713005,Grant MacGregor,01481 713005,"1-3,7-11,91-94"
993,LIM,Limerick LIM993,IE,City East Retail Park,Limerick,EIRE,Claire Spencer,061 422 499,Claire Spencer,061 422 499,"3-7,9,10,91-94"
726,LTN,Leyton LTN726,WH,1 Leyton Mills,Leyton,E10 5NH,Martin Foreman,020 8988 1010,Martin Foreman,020 8988 1010,"1-4,13,60-61,91-94"
900,SWF,Sydenham SWF900,WH,Bell Green Retail Park,Sydenham,SE26 4PU,Jason Sardinha,0203 7473700,Jason Sardinha,0203 7473700,"1-8, 60-61, 91-94"
415,WKT,Workington WKT415,SC,Derwent Drive Derwent,Workington,CA14 3YW,Steven Head,01900 873477,Steven Head,01900 873477,01-May
338,DAL,Darlingon DAL338,SC,Whessoe Road,Darlington,DL3 0QW,Tom Barker,01325 371800,Tom Barker,01325 371800,01-Apr
987,HAL,Halifax HAL987,WH,Shroggs Road,Halifax,HX3 5HL,David Hamilton,01422 397800,David Hamilton,01422 397800,"1-5,13-15,60-61,91-94"
212,HRW,Harlow HRW212,SC,Oak Retail Park,Harlow,CM20 2AB,Ash Chaudhry,01279 626634,Ash Chaudhry,01279 626634,01-Jul
643,KBK,Killingbeck KBK643,WH,Unit 9 Killingbeck Drive,Killingbeck,LS14 6UF,Steve Kesic,0113 249 4554,Steve Kesic,0113 249 4554,"1-4,8-9,13,91-94"
441,SCO,Cork SCO441,IE,Mahon Point,Cork,Eire,Tony Boullier,021 497 2199,Tony Boullier,021 497 2199,"1-3,7-14,91-94"
907,RMT,Merthyr Tydfil RMT907,WH,Cyfartha Retail Park,Swansea Road,CF48 1HY,Roni Chatfield,01685 358500,Richard Evans,01685 358522,"1-9,60-61,91-94"
411,CCS,Naas CCS411,IE,Newhall Retail Park,Jigginston,Eire,John Moran,045 906399,John Moran,045 906399,"1-2,6,7,14,91-94"
370,IOM,Isle of Man IOM370,SC,Spring Valley Industrial Estate,Isle of Man,IM2 2QT,Brian Dodgson,01624 619292,Brian Dodgson,01624 619292,"1,2,6-10,12,91-94"
641,NAT,Northallerton NAT641,WH,Yafforth Road,Northallerton,DL6 2XG,William Woodrow,01609 773161,William Woodrow,01609 773161,01-Apr
788,NPT,Newport NPT788,WH,Corporation Road,Gwent,NP19 0XB,Paul Browning,01633 282982,Paul Browning,01633 282982,"1-10,91-94"
373,THY,Thornbury Road THY373,WH,99 Leeds Old Road,Bradford,BD3 7BQ,Alex Hanna,01274 668309,Alex Hanna,01274 668309,"1,2,7-8,11,91-94"
708,UPC,Uttoxeter UPC708,SC,Uttoxeter Retail Park,Uttoxeter,ST14 8AZ,Rachel Hollins,1889561640,Rachel Hollins,1889561640,01-Apr
251,WEL,Welwyn WEL251,WH,Swallowfields,Welwyn Garden City,AL7 1JD,Richard Alexander,01707 371543,Richard Alexander,01707 371543,01-May
